日付,個数
2025-08-20,25
2025-08-21,27
2025-08-25,29
2025-08-26,33
2025-08-27,28
2025-08-28,33
2025-08-29,31
2025-09-01,29
2025-09-02,15
2025-09-03,28
2025-09-04,14
2025-09-05,13
2025-09-08,18
2025-09-09,32
2025-09-10,25
2025-09-11,31
2025-09-12,26
2025-09-15,26
2025-09-17,28
2025-09-18,29
2025-09-22,30
2025-09-23,27
2025-09-24,33
2025-09-25,40
2025-09-26,50
2025-09-29,40
2025-09-30,46
2025-10-01,53
2025-10-02,52
2025-10-03,44
2025-10-06,48
2025-10-07,52
2025-10-08,52
2025-10-09,60
2025-10-10,64
2025-10-13,52
2025-10-14,52
2025-10-15,53
2025-10-16,69
2025-10-17,60
2025-10-20,52
2025-10-21,64
2025-10-22,52
2025-10-23,57
2025-10-24,60
2025-10-27,50
2025-10-28,45
2025-10-29,52
2025-10-30,53
2025-10-31,49
2025-11-03,47
2025-11-04,48
2025-11-05,49
2025-11-06,51
2025-11-07,50
2025-11-10,46
2025-11-11,49
2025-11-12,46
2025-11-13,38
2025-11-14,49
2025-11-17,33
2025-11-18,33
2025-11-20,50
2025-11-21,54
2025-11-22,56
2025-11-23,50
2025-11-24,49
2025-11-25,63
2025-11-27,75
2025-11-28,53
2025-11-29,51
2025-12-01,53
2025-12-02,58
2025-12-04,44
2025-12-05,39
2025-12-06,46
2025-12-07,53
2025-12-08,45
2025-12-09,51
2025-12-11,47
2025-12-12,37
2025-12-13,41
2025-12-15,31
2025-12-16,22
2025-12-17,27
2025-12-18,28
2025-12-19,33
2025-12-22,20
2025-12-23,25
2025-12-24,27
2025-12-25,25
2025-12-26,22






